{"cameraMode":{"drawMode":0,"name":"Shaded","section":"Shading Mode"},"sceneLighting":true,"audioPlay":false,"sceneViewState":{"m_AlwaysRefresh":false,"showFog":true,"showSkybox":true,"showFlares":true,"showImageEffects":true,"showParticleSystems":true,"showVisualEffectGraphs":true,"m_FxEnabled":true},"in2DMode":false,"pivot":{"x":0.000003814697265625,"y":0.000003814697265625,"z":-0.000003814697265625},"rotation":{"x":-0.1269044131040573,"y":0.09269899129867554,"z":-0.01191237848252058,"w":-0.9875062704086304},"size":9.21508502960205,"orthographic":false}